﻿start,end,xmltag,fieldtype
1,4,MRPAC-COMPANY-CODE-A,STRING
4,14,MRPAC-POLICY-NUMBER-A,STRING
14,17,MRPAC-RECORD-ID-A,STRING
17,21,MRPAC-TASK-NUMBER-A,COMP3
21,25,MRPAC-SYSTEM-TIME-A,COMP3
25,27,MRPAC-SEQUENCE-COUNT-A,COMP
27,30,MRPAC-AK1-COMPANY-CODE-A,STRING
30,34,MRPAC-AK1-REPORT-ID-A,STRING
34,35,MRPAC-PRINT-STATUS-A,STRING
35,77,MRPAC-AK1-VARIABLE-KEY-A,STRING
77,82,MRPAC-PREV-JRNL-DATE-A,COMP3
82,84,MRPAC-PREV-JRNL-DUP-A,COMP3
84,89,MRPAC-CURRENT-PROC-DATE-A,COMP3
89,91,MRPAC-CYCLE-DUP-NO-A,COMP3
91,97,MRPAC-DPDSK-A,STRING
97,101,MRPAC-AC-TIME-A,COMP3
101,105,MRPAC-AC-DATE-A,COMP3
105,109,MRPAC-TRANSACTION-CODE-A,STRING
109,112,MRPAC-COMP-CD-A,STRING
112,122,MRPAC-POL-NO-A,STRING
122,147,MRPAC-COMMENTS-A            ,STRING
147,148,MRPAC-WORD-PROC-SW-A,STRING
148,150,MRPAC-DEST-TYPE-A,STRING
150,166,MRPAC-FAX-NUMBER-A,STRING
166,182,MRPAC-BEEPER-NUMBER-A,STRING
182,198,MRPAC-MOBILE-NUMBER-A,STRING
198,248,MRPAC-EMAIL-ADDRESS-A,STRING
248,258,MRPAC-ROUTE-DESK-A,STRING
258,260,MRPAC-FIXED-LENGTH-A,COMP
260,263,MRPAC-VARIABLE-DATA-LNTH-A,COMP3
