{
	"stmt": {
		"sounds": {
			"bg": "http://localhost:4502/content/dam/aaahttp://localhost:4502/content/dam/aaasounds/bg.mp3",
			"stad1": "http://localhost:4502/content/dam/aaahttp://localhost:4502/content/dam/aaasounds/stad1.mp3",
            "renewaldate": "http://localhost:4502/content/dam/aaahttp://localhost:4502/content/dam/aaasounds/renewaldate.mp3",
            "stad4": "http://localhost:4502/content/dam/aaasounds/stad4.mp3",
            "motorsound": "http://localhost:4502/content/dam/aaasounds/motorsound.mp3",
            "stad5": "http://localhost:4502/content/dam/aaasounds/stad5.mp3",
            "stad6": "http://localhost:4502/content/dam/aaasounds/stad6.mp3",
            "stad7": "http://localhost:4502/content/dam/aaasounds/stad7.mp3",
            "stad8": "http://localhost:4502/content/dam/aaasounds/stad8.mp3",
            "stad9": "http://localhost:4502/content/dam/aaasounds/stad9.mp3",
            "stad10": "http://localhost:4502/content/dam/aaasounds/stad10.mp3",
            "stad12": "http://localhost:4502/content/dam/aaasounds/stad12.mp3",
            "stad13": "http://localhost:4502/content/dam/aaasounds/stad13.mp3",
            "stad14": "http://localhost:4502/content/dam/aaasounds/stad14.mp3",
            "stad15": "http://localhost:4502/content/dam/aaasounds/stad15.mp3",
            "stad16": "http://localhost:4502/content/dam/aaasounds/stad16.mp3",
            "stad17": "http://localhost:4502/content/dam/aaasounds/stad17.mp3"
		},
        "summary": {
            "membershipNo": "KAN90474086988001",
			"membershipType": "Standrad",
            "policyNo":"AUT711014153",
            "firstName": "Jennifer",
            "lastName": "Beck",
            "duration":"",
            "renewalDate": "AUGUST 4, 2020",
            "month": "AUGUST",
            "day": "04",
            "year": "2020",
            "startDate": "JUL 4, 2019",
            "endDate": "AUG 4, 2020",
            "time": "12:01 A.M.",
            "insuredName": "JENNIFER BECK",
            "otherDrivers": [{
                             "name": "JUDY BECK"
                             },
                             {
                             "name": "GABRIELLE KYLE"
                             },
                             {
                             "name": "JULIA PERKINS"
                             }
                             ],
			"accountSummary": [{
                             "name": "GOLD Checking Package"
                             },
                             {
                             "name": "Credit Card"
                             },
                             {
                             "name": "PFA Loan"
                             }
                             ],
            "vehicleDesc": "2006 CHEV COBALT 4D",
			"offer": "Get ready for\nspring with offers\nupto $400",
            "VIN": "1G1AM55B067730421"
        },
        "coverageDetails": [{
                            "label": "BODILY INJURY LIABILITY",
                            "premium": "$84.53",
                            "liabilityLimits": "$20,000 each person/$40,000 each accident"
                            },{
                            "label": "Property Damage Liability",
                            "premium": "$9.89",
                            "liabilityLimits": "$100,000 each accident"
                            },{
                            "label": "Property Protection Insurance",
                            "premium": "$9.95",
                            "liabilityLimits": "Included"
                            },{
                            "label": "PERSONAL INJURY PROTECTION",
                            "premium": "$279.04",
                            "liabilityLimits": "Allowable Expense Limit: Unlimited\nAllowable Expense Deductible: $500"
                            },{
                            "label": "Uninsured Motorists Bodily Injury",
                            "premium": "$3.08",
                            "liabilityLimits": "$100,000/$300,000"
                            },{
                            "label": "Underinsured Motorists Bodily Injury",
                            "premium": "$2.58",
                            "liabilityLimits": "$100,000/$300,000"
                            }]
    }
}

